Batter,REA,RES,PA,OPS,OBP,SLG,AVG,RBI,HR
altuj001,128.77855524823298,-97.34435366311496,604,.920,.387,.533,.300,57,28
branm003,49.135206353841184,-38.79576334464946,277,.786,.370,.416,.288,26,5
brega001,122.636738968516,-114.97645644701046,656,.820,.366,.454,.259,93,23
alvay001,135.74151077147292,-93.44411009631061,561,1.019,.406,.613,.306,97,37
gurry001,90.33109514327812,-115.96969087434535,584,.648,.288,.360,.242,53,8
ohtas001,134.67456887005005,-101.15787474370853,666,.875,.356,.519,.273,95,34
troum001,115.26556547204885,-77.96106380718138,499,.999,.369,.630,.283,80,40
renda001,34.37951321053717,-39.382526208793124,193,.706,.326,.380,.229,24,5
tuckk001,143.27363702870036,-111.8724684674839,609,.808,.330,.478,.257,107,30
penaj004,97.28476903269942,-91.56885075962039,558,.715,.289,.426,.253,63,22
mccoc001,65.879645505909,-62.70819079916032,407,.739,.332,.407,.245,44,14
duffm002,32.10270573561367,-43.035570514328846,247,.619,.308,.311,.250,16,2
adelj001,41.70475179093914,-60.54525941097272,285,.637,.264,.373,.224,27,8
walsj001,68.50061848647655,-85.56513268694287,454,.643,.269,.374,.215,44,15
stasm001,52.05833621053695,-75.51242717516342,375,.570,.267,.303,.180,30,9
maldm001,57.53643644121105,-73.13142115286587,379,.600,.248,.352,.186,45,15
marsb002,83.18858153671037,-80.05564603878484,461,.679,.295,.384,.245,52,11
fletd002,33.16309632520343,-38.43443684869468,228,.621,.288,.333,.255,17,2
wadet002,24.310850433585664,-29.793920968433273,163,.544,.272,.272,.218,8,1
diaza003,55.755629832233836,-58.52672939809925,327,.690,.287,.403,.243,38,12
rojaj002,2.569307278990658,-11.855392971853345,57,.301,.140,.161,.125,1,0
sirij001,55.571404391318,-61.30626773243996,325,.607,.268,.339,.213,24,7
suzuk001,21.040576378982013,-27.674445948940754,159,.561,.266,.295,.180,15,4
goodn002,3.1444767594231924,-7.921347504050149,45,.319,.156,.163,.116,1,0
perej003,0,-0.09284116331096197,1,.000,.000,.000,.000,0,0
mayfj001,9.428859257221205,-14.031540682520994,74,.501,.230,.271,.186,6,1
castj006,9.78734632338736,-21.321792882006626,88,.384,.205,.179,.115,3,1
solej001,52.543076700328854,-60.150933122065624,306,.695,.295,.400,.207,34,13
sancj003,57.165830122325076,-70.68675197932139,343,.683,.280,.403,.214,36,13
coopg002,82.35613639598492,-81.36462574158415,469,.752,.337,.415,.261,50,9
aguij001,77.06032334104236,-98.00639254887597,507,.660,.281,.379,.235,51,16
wendj002,64.64779459577554,-63.22567299896771,371,.657,.297,.360,.259,32,3
andeb006,56.06756202945303,-68.65596737626062,383,.657,.311,.346,.222,28,8
stalj001,52.87402532980409,-77.37135517439278,384,.584,.292,.292,.223,34,4
chisj001,62.457371978983915,-41.53543755675773,241,.860,.325,.535,.254,45,14
rojam002,74.22567293680045,-89.86957151391495,507,.606,.283,.323,.236,36,6
delab001,61.92597866423771,-71.47214808886359,355,.726,.294,.432,.252,43,13
bertj001,84.24887074690419,-68.69624319028726,404,.662,.324,.338,.240,28,4
velaa001,51.799375444914546,-67.49760446079857,349,.540,.236,.304,.196,28,9
mullc002,124.5378797439038,-126.68730875675062,672,.721,.318,.403,.258,64,16
manct001,101.05602382505619,-100.47906027256056,587,.710,.319,.391,.239,63,18
mounr001,113.53042885278981,-116.41078146136996,609,.728,.305,.423,.250,85,22
santa003,125.48180258741685,-118.49585137081762,647,.773,.318,.455,.240,89,33
haysa001,99.35642922537046,-109.2607018582056,582,.719,.306,.413,.250,60,16
uriar001,83.63260314808227,-80.70514904435208,445,.719,.305,.414,.248,51,16
chirr001,28.03626312300691,-42.3151801874987,220,.552,.265,.287,.179,22,4
gutik001,4.878799898650801,-6.565565693421847,33,.429,.250,.179,.143,3,0
matej003,94.63253947739928,-108.62521238879492,533,.646,.267,.379,.221,50,13
wardt002,109.3605755988649,-91.48807451844888,564,.833,.360,.473,.281,65,23
odorr001,80.51682206639165,-92.37335963182369,472,.632,.275,.357,.207,53,13
bemba001,6.235385702555684,-12.089782955513058,59,.419,.207,.212,.115,1,1
owinc001,5.93609543373402,-16.324942473241045,68,.397,.254,.143,.107,0,0
stram002,85.27525142286721,-117.1428327735255,596,.564,.291,.273,.221,32,0
rosaa003,123.14770489791181,-128.40531927378476,670,.715,.312,.403,.283,71,11
ramij003,159.66228540669422,-115.93888665646568,685,.869,.355,.514,.280,126,29
reyef001,72.87421378869622,-96.00388310494222,473,.638,.273,.365,.221,47,14
naylj001,102.32860887132009,-95.02008763281134,498,.771,.319,.452,.256,79,20
millo002,74.26463197726159,-89.8372681104303,472,.652,.301,.351,.243,51,6
gimea001,115.65580354687897,-92.56132468598808,557,.837,.371,.466,.297,69,17
hedga001,44.367295828239854,-70.08714729189731,338,.489,.241,.248,.163,30,7
palar002,15.587282316040794,-23.96840791836271,123,.579,.293,.286,.232,10,0
merco003,21.242406907373883,-27.28743160460722,128,.614,.242,.372,.207,16,4
cleme002,20.03929300771928,-36.30076139155249,179,.452,.243,.209,.184,6,0
maill001,32.0689432459712,-40.65541838781406,206,.627,.301,.326,.221,17,3
bradb002,0.7751151948674184,-3.9524177284018744,17,.236,.118,.118,.118,0,0
hernc005,92.40643878030774,-108.49336571304757,617,.629,.311,.318,.248,34,1
sotoj001,126.40467563391381,-112.25392601197325,664,.853,.401,.452,.242,62,27
bellj005,117.287007969964,-121.34635441571525,647,.784,.362,.422,.266,71,17
cruzn002,92.10150360766958,-100.88529279137384,507,.650,.313,.337,.234,64,10
franm004,58.6622705165002,-86.52489568579337,388,.597,.255,.342,.229,39,9
ruizk001,66.22133866531094,-92.60136190023525,433,.673,.313,.360,.251,36,7
thoml002,94.0806304050266,-104.89265175626996,548,.705,.301,.404,.241,52,17
roblv001,62.75156119630561,-75.79428590431368,407,.584,.273,.311,.224,33,6
escoa003,15.898849849304392,-24.839979544191877,131,.542,.260,.282,.218,8,0
herny002,61.23449978943884,-68.45426752952704,327,.722,.312,.410,.269,41,9
gordd002,7.764627130117766,-11.38712586436511,59,.661,.305,.356,.305,2,0
adamr004,17.42631267545056,-34.399231367927676,155,.555,.245,.310,.176,10,5
rengl001,81.03334416114738,-94.19221466398992,511,.723,.294,.429,.264,52,17
loweb001,46.67062431043035,-47.77854520115651,266,.691,.308,.383,.221,25,8
franw002,62.69487440495268,-60.102149585354304,344,.745,.328,.417,.277,33,6
diazy001,107.5777466524225,-85.20170057214902,558,.824,.401,.423,.296,57,9
choij001,71.92764071948545,-75.11706633582425,419,.729,.341,.388,.233,52,11
margm001,62.831868714534714,-64.58478809282764,363,.700,.325,.375,.274,47,4
kierk001,38.023301021737495,-39.631195478732586,221,.650,.281,.369,.228,22,7
arozr001,141.78267515601965,-129.93092901107775,645,.772,.327,.445,.263,89,20
philb002,28.754499884223062,-40.34347707593453,225,.466,.217,.249,.144,15,5
zunim001,17.107295993795415,-23.818844650964284,123,.499,.195,.304,.148,16,5
wallc001,5.056893139448482,-7.790632927616642,40,.488,.231,.257,.143,4,1
ramih004,85.36867053559556,-73.76840171146586,435,.747,.343,.404,.300,58,6
wallt003,61.85031503451014,-92.12869334480546,466,.553,.268,.285,.172,33,8
mejif001,48.73193027529926,-55.673142490148976,299,.645,.264,.381,.242,31,6
whita002,0,-2.494844625185795,11,.000,.000,.000,.000,0,0
brujv001,25.470614946669812,-30.376242619833363,162,.487,.228,.259,.163,16,3
romia002,14.289111304479736,-33.489029935031425,136,.435,.187,.248,.155,9,3
kempt001,94.01581756499714,-92.81372398249569,558,.641,.307,.334,.235,46,7
neuss001,48.3504622665442,-49.83762938414326,293,.561,.273,.288,.214,26,4
lowrj001,23.170626163063336,-37.62280510730413,184,.508,.245,.263,.180,16,3
brows003,106.83644223007352,-98.59559881848288,555,.749,.305,.444,.230,73,25
laurr001,66.58061569180366,-74.43534511909085,383,.663,.287,.376,.211,34,13
murps001,107.56870214904826,-107.21586400728297,612,.758,.332,.426,.250,66,18
barrl001,12.072156962874873,-17.20763288951059,85,.632,.294,.338,.234,7,1
andre001,104.2285742608454,-105.50681595139456,577,.707,.303,.404,.249,58,17
smitk003,22.279362034919135,-31.92249643870135,151,.518,.216,.302,.180,13,2
pachc001,28.776286639858654,-50.3399197726787,260,.459,.218,.241,.166,18,3
allen002,41.420859322337705,-60.0707185904336,326,.547,.256,.291,.207,19,4
pindc001,62.76678584242455,-75.74047246320643,379,.648,.263,.385,.235,42,12
bethc001,53.105372794017214,-58.59787377853381,333,.692,.283,.409,.252,34,11
semim001,140.6597043916273,-125.38137053906041,724,.733,.304,.429,.248,83,26
seagc001,112.68630444696852,-119.59376433597946,663,.772,.317,.455,.245,83,33
garvm001,35.7473486313297,-36.68215757230964,215,.702,.298,.404,.207,24,10
calhk001,64.30883272287791,-79.51289623232275,424,.587,.257,.330,.196,49,12
garca005,140.39102018340606,-125.23114036889434,657,.756,.300,.456,.250,101,27
heimj001,72.68823718588247,-89.21660921463753,450,.697,.298,.399,.227,48,16
lowen001,123.39339914977302,-109.23959117227265,645,.850,.358,.492,.302,76,27
ibana001,20.546306878211826,-20.914250548061595,128,.550,.273,.277,.218,9,1
millb002,39.76688406668997,-47.42778470618268,241,.590,.270,.320,.212,32,7
huffs001,18.03427771134286,-23.86874174167825,132,.675,.303,.372,.240,10,4
culbc001,20.99681384759636,-24.842211832948536,124,.640,.283,.357,.252,12,2
white006,24.055300711613196,-26.38839700644315,117,.579,.274,.305,.200,10,3
sprig001,121.73494339177904,-110.5083549670214,583,.814,.342,.472,.267,76,25
espis001,82.26804656118877,-93.81068288989063,491,.692,.322,.370,.267,51,7
guerv002,137.58833727879474,-126.53843564924988,706,.819,.339,.480,.274,97,32
bichb001,142.1415902587952,-126.92954651401823,697,.802,.333,.469,.290,93,24
chapm001,110.33176317819007,-121.87406391614903,621,.757,.324,.433,.229,76,27
tapir001,76.38538598984994,-81.55800936212475,433,.672,.292,.380,.265,52,7
jansd001,50.55182106450454,-43.85379629619075,248,.855,.339,.516,.260,44,15
lagaj001,3.3927907644633195,-13.079789736835625,62,.460,.210,.250,.183,0,0
gurrl001,85.45864396840527,-85.98264231203903,493,.743,.343,.400,.291,52,5
biggc002,52.18796266119506,-55.227969755971806,303,.668,.318,.350,.202,24,6
zimmb001,14.132387609790731,-27.185968175513377,117,.436,.207,.229,.124,5,2
hernt002,112.35421199226384,-107.2873240594088,535,.807,.316,.491,.267,77,25
kirka001,99.11783090962717,-88.30385470567863,541,.787,.372,.415,.285,63,14
arroc001,54.73771174472064,-70.23619138540779,300,.736,.322,.414,.286,36,6
dever001,135.91368538214036,-112.47679927824949,614,.879,.358,.521,.295,88,27
martj006,111.55706229555241,-134.94746465728593,596,.789,.341,.448,.274,62,16
bogax001,133.73297283926428,-124.54352115078122,631,.833,.377,.456,.307,73,15
verda001,125.98425897012383,-127.01969195565215,644,.733,.328,.405,.280,74,11
stort001,89.37153798887095,-90.78527159164508,396,.737,.303,.434,.238,66,16
cordf003,50.21218589347857,-53.588023254659205,275,.697,.300,.397,.219,29,8
vazqc001,78.33639812781274,-87.5124629489142,426,.714,.315,.399,.274,52,9
bradj001,58.66640774060339,-77.09004196414637,370,.566,.255,.311,.203,38,4
herne001,66.52005565489705,-87.3003763490766,402,.629,.291,.338,.222,45,6
dalbb001,60.05958979565299,-77.54601867426898,353,.652,.283,.369,.215,39,12
plawk001,27.368652673622684,-38.789810814721776,186,.572,.286,.286,.220,13,1
thomd004,1.8412477643781917,-3.338926382066907,14,.377,.286,.091,.091,0,0
arauj001,2.8804979092987364,-7.916028899482194,41,.361,.150,.211,.132,5,1
nimmb001,129.17519454700164,-109.36088626692843,673,.800,.367,.433,.274,64,16
canhm001,110.28965314517559,-93.73591087731778,542,.770,.367,.403,.266,61,13
lindf001,148.9043994169423,-138.5057281155871,706,.788,.339,.449,.270,107,26
alonp001,160.97432716077805,-129.56239657999475,685,.870,.352,.518,.271,131,40
escoe001,96.28575945241086,-119.42610776862061,542,.725,.295,.430,.240,69,20
mcnej002,111.06983377442371,-102.61143716847133,589,.836,.382,.454,.326,62,9
davij006,65.87033379609791,-71.08140435857533,365,.758,.340,.418,.248,35,12
guill001,50.0875161972379,-65.75355739125926,335,.691,.351,.340,.273,17,2
nidot001,46.16321179993405,-64.89726380342765,313,.600,.276,.324,.239,28,3
plumn001,5.284253396645423,-6.461793108532606,31,.573,.194,.379,.138,6,2
lee-k001,2.7398999868403737,-0.11487847542347963,2,2.500,.500,2.000,.500,3,1
mazep001,8.801649989568268,-14.514640190865403,72,.508,.214,.294,.191,6,1
marts002,115.54087809890092,-90.21891289639977,505,.815,.347,.468,.292,63,16
merrw001,103.97619208364722,-106.12457760716704,550,.673,.298,.375,.250,58,11
benia002,93.0091480303234,-91.48860196244051,521,.772,.373,.399,.304,51,5
wittb002,114.77363203990356,-131.8789815578846,632,.722,.294,.428,.254,80,20
peres002,90.19550903756907,-84.12287549877966,473,.757,.292,.465,.254,76,23
melem001,87.66149044899092,-104.16756882555238,534,.706,.313,.393,.217,62,18
dozih001,84.77935344674125,-105.70340425013136,500,.679,.292,.387,.236,41,12
isbek001,40.575155415211476,-66.81896396061936,278,.604,.264,.340,.211,28,5
taylm002,74.57224872347405,-94.03860794459099,456,.670,.313,.357,.254,43,9
lopen001,66.42398083248153,-105.37038612399247,480,.554,.281,.273,.227,20,0
mackd001,7.134745642945935,-12.465650489256841,57,.368,.228,.140,.140,6,0
santc002,90.5511293809854,-87.42095584288963,506,.692,.316,.376,.202,60,19
rivee001,64.87785096722196,-73.56022241035052,359,.701,.292,.409,.233,40,12
gallc001,9.409914755600727,-8.844584889873042,47,.600,.267,.333,.214,5,0
ohear001,26.603733793158675,-29.660278372486214,145,.611,.290,.321,.239,16,1
crawj002,86.52834462017668,-99.56020134665724,603,.675,.339,.336,.243,42,6
rodrj007,119.72027947804669,-91.38018168781268,560,.854,.345,.509,.284,75,28
winkj002,83.96376235398435,-86.84423774413017,547,.688,.344,.344,.219,53,14
suare001,120.26214878389686,-105.55927704299604,629,.791,.332,.459,.236,87,31
tramt001,17.935698441735685,-20.766667499964004,117,.686,.284,.402,.196,10,4
ralec001,74.9169697445306,-70.04657366394373,415,.773,.284,.489,.211,63,27
uptoj001,6.885131724868042,-13.028548746202746,57,.471,.263,.208,.125,3,1
fraza001,80.94015522895775,-107.00551796974217,602,.612,.301,.311,.238,42,3
moord002,46.361371903997,-47.36662476889108,255,.753,.368,.385,.224,24,6
padlk001,4.037258814672594,-11.265280022076178,34,.299,.147,.152,.121,3,0
torrl001,22.071416375322066,-29.908302288657552,166,.581,.283,.298,.225,15,3
ellid002,2.2570235777836567,-2.903146640507891,17,.485,.235,.250,.188,1,0
toroa001,45.605542003901306,-61.26674334778054,352,.563,.239,.324,.185,35,10
harrm003,4.6984992882991925,-3.796612410099221,14,.812,.357,.455,.182,3,1
andet001,64.69783573816694,-71.26518005068623,351,.734,.339,.395,.301,25,6
vauga001,108.90965719823151,-100.11906449071014,555,.750,.321,.429,.271,76,17
robel002,86.31665958189939,-83.72891748865716,401,.745,.319,.426,.284,56,12
abrej003,135.22888159182332,-127.67734697282708,679,.824,.378,.446,.304,75,15
polla001,93.41389934353452,-110.82566196914009,527,.681,.292,.389,.245,56,14
sheeg001,77.87773104348899,-79.83229600354218,410,.706,.295,.411,.241,53,15
zavas001,37.843676785213255,-39.35684632609767,205,.729,.347,.382,.270,21,2
harrj002,67.61095452199577,-90.63943148441457,425,.687,.317,.370,.256,27,7
sosal001,2.6747496982784438,-11.083592901027982,36,.368,.139,.229,.114,1,1
garcl004,38.098268553236394,-63.997389636212006,315,.500,.233,.267,.210,20,3
moncy001,73.87865177206368,-88.53116246108247,433,.626,.273,.353,.212,51,12
thaim001,13.005422917372218,-13.567966917415392,81,.640,.321,.319,.217,8,2
mcgur002,44.916547067935795,-56.40293855416424,274,.676,.307,.369,.269,22,3
stefm001,6.008332557143678,-15.164477957422344,69,.509,.279,.230,.197,0,0
matij001,9.66644724659419,-14.979497838349651,71,.582,.254,.328,.209,5,2
meyej002,24.13539748895046,-28.01421373814929,160,.582,.269,.313,.227,15,1
villj001,33.268882892767635,-40.62023127915056,220,.562,.260,.302,.208,18,3
lee-k002,4.228604096502225,-5.597261738494354,26,.432,.192,.240,.160,4,0
dubom001,38.27384807283395,-53.27989465132762,265,.565,.252,.313,.214,24,5
bettm001,144.56170937471427,-120.26007701361314,639,.873,.340,.533,.269,82,35
turnt001,149.57392406891708,-140.96569569816023,708,.809,.343,.466,.298,100,21
freef001,166.22975277798204,-117.15118850408076,708,.918,.407,.511,.325,100,21
smitw003,119.09855173278427,-112.99308155454753,578,.808,.343,.465,.260,87,24
turnj001,112.38434623958892,-99.89709743565594,532,.788,.350,.438,.278,81,13
albeh001,24.781130611458195,-37.311881480598274,159,.623,.258,.365,.244,15,2
thomt002,57.88954396444339,-52.564073768556995,255,.860,.353,.507,.256,41,13
barna001,35.87151347507485,-44.03871892079458,212,.704,.324,.380,.212,26,8
lux-g001,90.7632892459403,-95.17556288693224,471,.745,.346,.399,.276,42,6
bellc002,97.4850140608658,-120.56986357860873,550,.654,.265,.389,.210,68,19
muncm001,104.8090140593343,-103.9801200340695,565,.713,.329,.384,.196,69,21
lambj001,16.54837318637918,-25.694812727954034,111,.707,.315,.392,.216,6,3
mckiz001,32.61621837116318,-33.96508253865848,185,.634,.273,.361,.199,14,5
tavel001,56.93281983048874,-64.95359052306061,341,.675,.309,.366,.261,34,5
durae002,35.17942373071888,-46.20928488074518,220,.642,.277,.365,.236,25,5
smitj007,34.27600984143526,-40.481056084126024,253,.556,.307,.249,.197,16,2
sierm002,12.26419268763844,-17.36845574007249,96,.442,.200,.242,.165,5,0
herne003,4.167396060927375,-7.8626085501267875,35,.442,.200,.242,.182,3,0
gossp001,6.799770775933499,-17.56121859509573,77,.358,.182,.176,.149,2,0
solan001,15.604909434129649,-18.589133932819813,95,.638,.309,.329,.207,4,3
vilom001,9.795890373944156,-13.60892822633556,75,.550,.280,.270,.159,5,2
bridj001,21.687424832859136,-37.76365309453097,187,.548,.301,.247,.204,6,1
piscs001,18.62038361819982,-25.520049224029002,139,.593,.252,.341,.190,14,5
garcd004,24.855431758997355,-23.465909835012155,125,.652,.264,.388,.207,20,5
bolts001,19.481964854842158,-21.494584822205066,116,.589,.259,.330,.198,13,4
monim001,12.81185171403687,-22.937946185272395,112,.509,.207,.302,.170,8,3
machv001,35.20742668697581,-37.24283129657043,253,.587,.300,.287,.220,13,1
vogts001,26.203326724928782,-36.19021444849043,191,.562,.241,.321,.161,23,7
buxtb001,70.09567695229772,-68.8670881599312,382,.832,.306,.526,.224,51,28
corrc001,111.57183227978764,-98.64003624274221,590,.833,.366,.467,.291,64,22
miraj002,91.28725281726044,-98.08231681073387,483,.751,.325,.426,.268,66,15
polaj001,83.4236732683625,-73.34973969175738,445,.751,.346,.405,.235,56,16
arral001,104.46635267429893,-89.07924742941819,603,.795,.375,.420,.316,49,8
urshg001,97.73079272260881,-104.86215495216231,551,.767,.338,.429,.285,64,13
celeg001,47.057178861924186,-65.22509351370223,347,.615,.313,.302,.238,24,2
keplm001,70.67663061867421,-79.01268490442838,446,.666,.318,.348,.227,43,9
leons001,10.672577824996175,-16.750907540628315,86,.509,.298,.211,.169,4,0
duggs001,8.747936259074427,-18.06250158649737,80,.447,.225,.222,.153,4,0
sancg002,79.34887562774225,-88.86843395008466,471,.659,.282,.377,.205,61,16
cavej001,29.58622324689613,-33.910306273455284,177,.644,.260,.384,.213,20,5
beckt001,1.321757970924428,-5.9814669979939294,25,.160,.080,.080,.080,1,0
gordn001,81.10235817328225,-73.32609970267137,443,.743,.316,.427,.272,50,9
frant002,117.00882306349106,-97.36411433291205,613,.774,.338,.436,.274,83,20
hanim001,45.90078716338692,-42.39033178955119,247,.737,.308,.429,.246,34,11
haggs001,37.73448417296343,-36.74259327594894,201,.738,.335,.403,.256,23,5
casac001,25.07873531836157,-35.217560487290584,176,.649,.318,.331,.203,17,5
lemad001,99.31164274064604,-87.19503893732855,541,.734,.357,.377,.261,46,12
judga001,190.30843113678353,-114.02652998237244,696,1.111,.425,.686,.311,131,62
stanm004,92.81902931835424,-87.62070532904579,452,.759,.297,.462,.211,78,31
torrg001,117.79713689114496,-122.57118437070396,572,.761,.310,.451,.257,76,24
rizza001,115.87988696869004,-102.86586846161374,548,.818,.338,.480,.224,75,32
fordm002,21.7472945199527,-25.91052660111487,149,.615,.302,.313,.206,10,3
trevj001,62.80847550800248,-64.06608944834326,353,.671,.283,.388,.248,43,11
kinei001,93.36968013771907,-101.28179158431733,531,.641,.314,.327,.261,48,4
cabro002,33.74214833403512,-28.56241118777331,171,.741,.312,.429,.247,19,6
donaj001,89.64695589335356,-104.7211368383955,546,.682,.308,.374,.222,62,15
higak001,37.7384318868128,-48.68296537256475,248,.653,.264,.389,.227,31,10
hicka001,77.83515542904883,-93.27523468233134,453,.643,.330,.313,.216,40,8
diazy004,1.3146521578146213,-2.0079722277939607,9,.472,.222,.250,.125,1,0
aguir002,2.079895111185803,-5.003244143656832,26,.413,.231,.182,.136,2,0
hensd002,8.392204254814468,-5.538125781035852,34,1.027,.441,.586,.345,5,1
greer003,76.39509060013481,-75.85542266069791,418,.683,.321,.362,.253,42,5
castw003,62.79138883531316,-74.59405455528608,392,.651,.284,.367,.241,31,8
baezj001,99.4795884973999,-114.65502502260156,590,.671,.278,.393,.238,67,17
haase001,61.34673194419886,-65.18705454775584,351,.748,.305,.443,.254,44,14
casth001,75.33386662106368,-75.37344231047535,443,.681,.300,.381,.271,47,7
torks001,56.054868411255896,-82.0615025330139,404,.604,.285,.319,.203,28,8
carpk001,19.148984890838545,-21.57041196064445,113,.795,.310,.485,.252,10,6
kreir001,8.584289157777922,-13.397453925324262,84,.477,.244,.233,.178,6,1
reyev001,54.95934090913967,-63.00021990146717,336,.651,.289,.362,.254,34,3
lestj002,0,-0.8308638635012207,5,.000,.000,.000,.000,0,0
clemk001,17.553561443030475,-24.850128274649286,127,.505,.197,.308,.145,17,5
barnt001,41.88983159807496,-55.05376881473988,308,.554,.287,.267,.221,16,1
badda001,29.382379526580312,-41.91419122008542,225,.558,.289,.269,.204,9,2
candj002,76.70701668195849,-86.39855875544369,467,.633,.272,.361,.217,50,13
sotol001,13.634937497586781,-9.175575915718737,59,.996,.414,.582,.400,9,1
diazj008,4.773781511629278,-9.05886322588182,51,.621,.294,.327,.265,1,0
langs001,29.096857425009844,-28.985432140418556,153,.691,.261,.430,.218,22,6
capec001,11.72716460118902,-9.22103007059492,59,.875,.356,.519,.308,11,3
ohopl001,3.711900894045589,-3.4825712272313667,16,.661,.375,.286,.286,2,0
jungj001,17.332037670957675,-22.231299264290936,102,.653,.235,.418,.204,14,5
mathm002,21.819115105149308,-15.27434652058542,91,.825,.319,.506,.247,20,6
thomb003,30.021055408516876,-32.4258839723292,181,.614,.302,.312,.265,9,1
nolaa002,65.90465231629284,-71.24747100620692,397,.650,.321,.329,.251,40,4
machm001,148.32600365011672,-110.8776979330936,644,.897,.366,.531,.298,102,32
cronj001,130.97491468480317,-111.88517061223266,684,.722,.332,.390,.239,88,17
varsd001,113.19546769428383,-113.8293311717534,592,.745,.302,.443,.235,74,27
martk001,95.0550738306101,-107.80956990529369,558,.728,.321,.407,.240,52,12
perad001,89.83978572138706,-93.29976011738026,490,.731,.316,.415,.251,59,12
walkc002,147.355765031722,-131.3281578762134,667,.804,.327,.477,.242,94,36
voitl001,102.7351191718595,-112.71377495220074,568,.710,.308,.402,.226,69,22
myerw001,53.449524101429574,-56.40552382974307,286,.713,.315,.398,.261,41,7
hosme001,74.50718132973029,-74.32571784966134,419,.716,.334,.382,.268,44,8
profj001,104.74545606416577,-117.56119964012251,658,.722,.331,.391,.243,58,15
smitp002,47.480429802518,-56.88215244767755,277,.667,.300,.367,.220,33,9
kellc002,59.56636541547769,-82.01832563119503,354,.616,.282,.334,.211,35,7
beers001,18.08744142756918,-22.97105307658251,126,.521,.278,.243,.189,9,1
kim-h002,105.27679746039074,-102.53617395765414,582,.708,.325,.383,.251,59,11
grist001,83.56850955688606,-99.98556071087914,524,.625,.284,.341,.184,53,17
perdg001,76.87353435667029,-96.49152767245612,500,.547,.285,.262,.195,40,5
hummc001,30.24110595572636,-41.651656129853684,201,.581,.274,.307,.176,17,3
abrac001,49.55552624685385,-57.97736568798543,302,.604,.280,.324,.246,21,2
alfaj002,51.37887938375823,-50.29701292418742,274,.668,.285,.383,.246,40,7
beatm001,4.043597155894924,-14.580724311189384,47,.333,.170,.163,.093,1,0
alcas002,38.05182597872846,-49.66652225221574,224,.617,.261,.356,.220,29,6
herrj003,13.343538390781035,-26.66790509605655,124,.457,.250,.207,.189,5,0
azocj001,28.49650273082886,-43.67883795827043,216,.630,.298,.332,.257,10,0
mccaj003,78.17316216760005,-63.27456990980683,354,.769,.342,.427,.283,43,8
herny003,2.5340416620012656,-6.863891284056201,28,.237,.154,.083,.083,0,0
davim005,5.332314899309245,-6.637215889594199,37,.540,.216,.324,.147,3,2
canor001,9.978564425502897,-20.849466290537737,104,.373,.183,.190,.150,4,1
ahmen001,10.118122849827945,-12.873956287801498,54,.701,.259,.442,.231,7,3
mccaj001,28.96543685848187,-40.66710267248367,191,.539,.257,.282,.195,18,3
smitd008,23.684977808476777,-27.487860460416872,152,.560,.276,.284,.194,17,0
jankt001,7.800080246602143,-11.714764125983836,64,.445,.281,.164,.164,2,0
taylc001,76.14345899676522,-93.74105476897805,454,.677,.304,.373,.221,43,10
luplj001,42.58029938497791,-53.84582900155537,234,.635,.274,.361,.176,28,11
riose001,19.063117326136197,-21.87360240421918,92,.793,.293,.500,.244,17,7
joe-c001,83.5034351323378,-97.76696252757387,467,.697,.338,.359,.238,28,7
blacc001,121.21471841174625,-119.81348191774141,577,.733,.314,.419,.264,78,16
gricr001,104.74189299721198,-121.57115732436161,538,.724,.299,.425,.259,73,19
cronc002,132.99123118254252,-142.05160049054638,632,.783,.315,.468,.257,102,29
mcmar001,115.89722430182995,-127.02731461885715,597,.741,.327,.414,.246,67,20
diaze005,68.52907619121778,-92.02190179482761,381,.649,.281,.368,.228,51,9
rodgb002,108.9384397876831,-136.08334754149226,581,.733,.325,.408,.266,63,13
hills005,33.751417087069115,-50.10120701257861,200,.544,.280,.264,.184,14,2
iglej001,82.07163680758609,-93.49869910986791,467,.708,.328,.380,.292,47,3
rojaj001,104.39448774095787,-103.10473570969252,510,.740,.349,.391,.269,56,9
dazay001,75.26239936253019,-81.45206222845623,408,.733,.349,.384,.301,34,2
nuned001,3.503352128783686,-9.914669174243462,41,.396,.244,.152,.121,2,0
thoma004,68.47020570498019,-85.45568281221209,411,.619,.275,.344,.231,39,8
garca003,55.47599846219039,-78.27666246662984,380,.583,.266,.317,.224,35,8
gonze004,5.783171584103061,-8.448659777298223,41,.484,.268,.216,.189,3,0
henrp001,5.165211315847502,-6.981436003047884,35,.457,.314,.143,.143,4,0
orter001,65.85805353564457,-78.16381922894672,371,.689,.331,.358,.241,35,7
contw001,90.30172066811961,-90.88779569681044,487,.815,.349,.466,.243,55,22
happi001,114.62754612452618,-124.13773433986813,641,.782,.342,.440,.271,72,17
wisdp001,98.78980491711243,-116.38750669141474,534,.724,.298,.426,.207,66,25
rivaa001,46.8215482654386,-52.59229997887745,287,.629,.322,.307,.235,25,3
schwf001,48.19042736069516,-60.162048783104225,292,.635,.277,.358,.229,36,8
heywj001,21.686720212753706,-32.7435500365643,151,.555,.278,.277,.204,10,1
vargi001,38.45012114768754,-40.92356328501433,222,.691,.299,.392,.263,23,4
suzus001,81.05612484429251,-82.01994806813842,446,.769,.336,.433,.262,46,14
gomey001,42.71029595376315,-62.54071896380669,293,.625,.260,.365,.235,31,8
greig001,0.666846738843217,-1.9440227701771726,8,.542,.375,.167,.167,0,0
hagej001,7.36452711004871,-11.519019014959243,59,.625,.345,.280,.240,3,0
bland001,1.4887223793868034,-1.1401236880005154,7,.572,.286,.286,.286,2,0
phile001,0.3654529425907621,0,1,1.000,1.000,.000,.000,0,0
pillk001,0.8517430443590062,-3.938671122963978,13,.321,.154,.167,.083,0,0
acunr001,114.49934516103741,-96.78697646479127,533,.764,.351,.413,.266,50,15
swand001,150.007303081391,-127.99961961347701,696,.776,.329,.447,.277,96,25
ozunm001,81.28794264814867,-111.18427525215556,507,.687,.274,.413,.226,56,23
rilea001,143.05953698514966,-128.52722053392773,693,.877,.349,.528,.273,93,38
olsom001,137.2767899134437,-134.05424984448723,699,.802,.325,.477,.240,103,34
darnt001,94.01814718316604,-79.86208713905734,426,.791,.319,.472,.268,60,18
albio001,51.32366949517268,-49.49741956742091,269,.703,.294,.409,.247,35,8
duvaa001,53.99969261099889,-59.37930991172313,315,.677,.276,.401,.213,36,12
harrm004,100.87619031354733,-82.64912686711115,441,.853,.339,.514,.297,64,19
contw002,72.90898626087595,-67.51868997023249,376,.860,.354,.506,.278,45,20
hereg002,12.866113970044218,-19.77728102499809,82,.562,.220,.342,.158,8,3
senzn001,65.95045144147034,-82.42194776922877,420,.602,.296,.306,.231,25,5
drurb001,126.38658903481601,-106.82103542198763,568,.812,.320,.492,.263,87,28
phamt001,109.0333828713223,-135.03047793393148,622,.686,.312,.374,.236,63,17
vottj001,65.04771048975483,-73.40870337345233,376,.689,.319,.370,.205,41,11
farmk001,106.26772662654089,-115.50872068468222,583,.701,.315,.386,.255,78,14
reynm003,49.37114537440997,-55.85654397326659,272,.652,.320,.332,.246,23,3
mousm001,44.916482272084565,-60.01588266351557,285,.640,.295,.345,.214,25,7
almoa002,41.879053839459985,-54.18273564971967,235,.631,.282,.349,.223,29,5
okeyc001,1.2078404132277012,-3.790328097869982,13,.398,.231,.167,.167,0,0
friet001,46.946391103438835,-48.108763308440075,258,.750,.314,.436,.240,25,8
indij001,77.66163604593176,-80.07552144638001,431,.705,.327,.378,.249,41,10
garca006,11.024190958091612,-29.213026346462694,115,.507,.248,.259,.213,4,1
larnt001,29.38984134756753,-31.338202714625332,180,.712,.306,.406,.231,18,5
kennb002,16.371854870901224,-16.771166233314887,94,.612,.287,.325,.217,12,1
kiria001,27.982340833704637,-27.05570434845665,156,.651,.290,.361,.250,21,3
jeffr002,37.827429031234324,-46.472375386428595,236,.648,.285,.363,.208,27,7
cabrm001,66.00403302370658,-80.90881169951165,433,.622,.305,.317,.254,43,5
grosr001,76.23626675536198,-80.46185423367186,477,.621,.310,.311,.209,45,7
schoj001,67.58297377619928,-106.30444864857692,510,.561,.239,.322,.202,38,11
mazan001,27.329589320631147,-31.22181947120671,171,.668,.316,.352,.264,18,2
slata001,67.51233762246723,-65.60735609021725,325,.774,.366,.408,.264,34,7
florw001,109.20479547055773,-103.26711949966443,602,.710,.316,.394,.229,71,19
ruf-d001,72.80071723362644,-73.0497506094756,388,.645,.307,.338,.204,45,11
longe001,60.158021322166924,-60.215090276699414,298,.766,.315,.451,.244,42,14
wadel001,42.684193758306385,-49.015477743968354,251,.664,.305,.359,.207,26,8
mercy001,14.067548119677403,-18.007679066235823,83,.667,.325,.342,.233,8,1
villd001,33.651300004479964,-37.71541026877365,181,.786,.331,.455,.231,24,9
waltd002,12.010953560934581,-16.4487091056928,78,.482,.179,.303,.158,8,1
wynna001,29.36640175672877,-38.029586781269956,177,.671,.313,.358,.259,21,3
yastm001,91.70477169779087,-106.6961044721088,558,.697,.305,.392,.214,57,17
pedej001,98.66949023192754,-75.59306617378576,433,.874,.353,.521,.274,70,23
beltb001,44.54595672814176,-62.71665411653846,298,.676,.326,.350,.213,23,8
crawb001,78.402838281839,-96.91576240499283,458,.652,.308,.344,.231,52,9
lastt001,28.593766975567338,-40.03315023038817,195,.632,.282,.350,.239,14,2
bartj003,46.15576391120554,-60.41319120988428,291,.660,.296,.364,.215,25,11
bryak001,31.580868547146988,-38.68776957300018,181,.851,.376,.475,.306,14,5
hampg001,32.42921275674262,-55.53613282481813,226,.594,.287,.307,.211,15,2
servb001,32.09890132380711,-53.33543120508282,205,.593,.261,.332,.203,16,6
monte001,38.17954425094979,-40.08502758383596,185,.702,.270,.432,.233,20,6
garcl006,63.98492558632812,-74.02187362743751,377,.703,.295,.408,.275,45,7
adrie001,12.4984659963415,-20.62833656718932,110,.470,.264,.206,.175,7,0
barrt004,6.848482567219607,-11.773923724559257,53,.412,.212,.200,.180,4,0
estrt001,106.81318362849639,-104.17621583425134,541,.722,.322,.400,.260,62,14
gonzl005,62.63500284629022,-63.4903254048908,350,.677,.320,.357,.251,36,4
marct001,26.645003372983968,-33.18325782707325,177,.562,.256,.306,.206,13,2
newmk001,52.97822419592695,-58.72222531949024,309,.688,.316,.372,.274,24,2
reynb001,115.99011990068706,-116.3476419389382,614,.806,.345,.461,.262,62,27
gameb001,78.332924994227,-75.21070188550812,423,.693,.324,.369,.232,46,9
chavm001,69.67902052379807,-89.5039366825742,426,.654,.265,.389,.229,49,14
madrb002,15.985084115049194,-25.38908062892202,123,.509,.244,.265,.177,7,1
cruzo001,79.17189013182625,-71.55517279987289,361,.744,.294,.450,.233,54,17
mitcc002,37.0606255104938,-45.83858706185472,232,.635,.286,.349,.226,17,5
delaj004,23.319127308204767,-30.49590556675913,167,.536,.265,.271,.213,11,1
alleg002,20.084108861706966,-29.867729951515532,134,.531,.260,.271,.186,8,2
hayek001,91.92627933314404,-112.38335661239256,560,.659,.314,.345,.244,41,7
vanmj001,26.918663258527065,-36.965896365242266,192,.558,.266,.292,.187,14,3
castr006,45.347281645256004,-53.9275067309912,278,.726,.299,.427,.233,27,11
godoj001,1.0915306647293268,-6.765715227067103,22,.186,.136,.050,.050,1,0
carld002,84.07989428938832,-95.43875727621165,488,.696,.316,.380,.236,42,8
oneit001,77.27940104984967,-81.32581993581152,383,.700,.308,.392,.228,58,14
goldp001,158.06019840756437,-108.3979512085728,651,.982,.404,.578,.317,115,35
arenn001,140.9992987405329,-123.52797813983109,620,.891,.358,.533,.293,103,30
pujoa001,80.37045614993889,-71.15296264870186,351,.895,.345,.550,.270,68,24
edmat001,119.56887438469026,-121.806862756124,630,.724,.324,.400,.265,57,13
dejop001,35.22344005653913,-49.12507921588159,237,.531,.245,.286,.157,25,6
moliy001,38.13551965005959,-56.90760082160631,270,.535,.233,.302,.214,24,5
garrs003,19.00522756465029,-17.035782966250736,84,.848,.309,.539,.276,10,4
nootl001,65.2026098057536,-61.83152151266531,347,.788,.340,.448,.228,40,14
kniza001,44.380505875539924,-61.86899466980721,293,.601,.301,.300,.215,25,4
gormn001,60.68804965004075,-66.48557531078717,313,.720,.300,.420,.226,35,14
donob001,90.71735409060538,-75.42986591443217,468,.773,.394,.379,.281,45,5
dickc002,53.23318319634943,-58.83308669691772,297,.699,.300,.399,.267,36,6
schwk001,140.22603821379062,-124.6539238623047,669,.827,.323,.504,.218,94,46
hoskr001,129.1488987237585,-118.84733374070014,672,.794,.332,.462,.246,79,30
bohma001,109.67011098789321,-116.90431750398629,631,.713,.315,.398,.280,72,13
harpb003,96.75022612041822,-77.3642987249693,426,.878,.364,.514,.286,65,18
realj001,115.11771372235255,-107.03492519153528,562,.820,.342,.478,.276,84,22
seguj002,63.47621187474435,-74.995283635604,387,.723,.336,.387,.277,33,10
stotb001,76.26545266667657,-96.28136332390515,466,.653,.295,.358,.234,49,10
vierm001,56.914294476424125,-73.02294155580303,357,.648,.297,.351,.246,32,6
carrc005,24.788630035086676,-23.75805117308935,115,.830,.330,.500,.260,14,4
stubg001,27.496215665291704,-20.508681418407086,121,.812,.350,.462,.264,16,5
maton001,20.303370941377306,-16.515880055059146,85,.855,.341,.514,.250,17,5
sosae001,36.43426846161793,-39.3165980143658,190,.644,.275,.369,.227,21,2
yelic001,121.79732038613403,-111.35086023526121,671,.738,.355,.383,.252,57,14
adamw002,130.46873171078914,-123.6741045059627,617,.756,.298,.458,.238,98,31
tellr001,113.10843631836474,-108.48731922778906,599,.767,.306,.461,.219,89,35
renfh001,95.77080129155516,-101.1843232921363,522,.807,.315,.492,.255,72,29
wongk001,94.33265278619199,-87.15929868889077,497,.769,.339,.430,.251,47,15
hiurk001,49.178051596405254,-49.49400039685372,266,.765,.316,.449,.226,32,14
petej002,60.72150206108907,-65.86391855983852,328,.698,.316,.382,.236,34,8
carav001,53.73848427419168,-58.66281155543322,314,.642,.300,.342,.199,34,9
mitcg001,16.09730752672913,-13.030357125951701,68,.832,.373,.459,.311,9,2
taylt002,71.09751373953564,-82.49533476957649,405,.728,.286,.442,.233,51,17
urial001,82.09499869372488,-88.30055884826463,472,.739,.335,.404,.239,47,16
ruize001,4.208624767310311,-9.425482464526603,36,.451,.194,.257,.171,2,0
mccua001,104.51235077533347,-108.47149221797707,580,.700,.316,.384,.237,69,17
narvo001,40.85741379862518,-56.82510127302524,296,.597,.292,.305,.206,23,4
difow001,0,-1.1761920372748802,6,.000,.000,.000,.000,0,0
gallj002,67.69857321361638,-84.07004984514785,410,.637,.280,.357,.160,47,19
vargm001,8.09411846238751,-11.570957768713624,50,.455,.200,.255,.170,8,1
libel001,0,-1.477902520634073,5,.000,.000,.000,.000,0,0
campl002,6.917276439246873,-10.188036830283384,50,.593,.260,.333,.250,5,1
voslj001,23.899472760932415,-21.251746885433114,111,.811,.342,.469,.265,12,4
procf001,3.5983896598314544,-5.193481206974527,22,.460,.182,.278,.111,6,1
aquia001,45.32375209538358,-60.814320141125904,276,.609,.246,.363,.197,30,10
rosae001,41.02330002760224,-49.315545886973844,270,.587,.259,.328,.212,24,5
stept001,46.377501534793204,-38.10448823312222,183,.854,.372,.482,.319,35,6
dicka001,3.8676051395328814,-7.676070171542914,36,.406,.194,.212,.121,2,1
naqut001,64.4325147337715,-69.88188414531015,334,.705,.282,.423,.229,46,11
arcio002,39.492204854980784,-45.47630690369251,234,.732,.316,.416,.244,30,9
fralj001,49.406225868425466,-42.67087125889137,247,.812,.344,.468,.259,28,12
morac001,24.3320324525717,-31.895860731838624,128,.681,.305,.376,.211,23,5
pinam001,2.418983094201247,-2.8708102340609805,17,.378,.235,.143,.143,2,0
fox-l001,2.3251869116813486,-6.393942947611317,28,.195,.115,.080,.080,2,0
demet001,12.792285209223483,-17.64643308298231,96,.597,.260,.337,.213,6,3
hermm001,9.588565045397038,-14.361282277229481,73,.398,.250,.148,.115,4,0
madrn001,26.794326311576803,-42.30438211319778,228,.587,.305,.282,.249,7,0
hoern001,98.84301030919899,-94.22475157957527,517,.737,.327,.410,.281,55,10
cainl001,19.224791772352127,-30.81922361584247,156,.465,.231,.234,.179,9,1
brosm001,30.44071089872582,-28.113601364150206,160,.762,.344,.418,.255,23,6
castn001,94.73832007388233,-109.58635649991534,558,.694,.305,.389,.263,62,13
camaj001,26.315924957805425,-31.257735723890814,166,.613,.297,.316,.237,15,3
quinr003,16.95071779951185,-15.274533682383625,87,.591,.287,.304,.215,7,0
herro001,35.7583474789338,-35.34200307409607,197,.657,.279,.378,.238,21,5
astuw001,6.207550262173386,-14.541265406444339,55,.551,.255,.296,.241,4,1
fortn001,40.04469875422324,-51.625187047377864,240,.696,.304,.392,.230,24,9
voged001,91.04447946957835,-85.93827005051804,461,.793,.360,.433,.238,59,18
castd004,46.47246877536279,-52.59566062132808,283,.633,.251,.382,.206,29,11
suwij001,66.19620850860025,-73.46495475710807,372,.709,.298,.411,.202,38,19
chany001,29.255992962883397,-38.68224541375079,190,.604,.289,.315,.208,15,4
heint001,21.346831785045556,-34.164403899220076,174,.544,.276,.268,.217,9,0
swagt001,0.4131113256113256,-2.270958911136593,9,.222,.111,.111,.111,0,0
perem005,19.477122440976245,-28.01735428317001,132,.512,.214,.298,.149,14,6
alvae001,3.6955745672290297,-6.957825540090654,27,.314,.154,.160,.160,3,0
yepej001,44.726629671549475,-55.83180136070587,274,.743,.296,.447,.253,30,12
halld003,24.34272518413024,-28.34689728064123,142,.804,.282,.522,.250,16,9
gregd001,35.975545054336244,-45.39283117426971,232,.567,.263,.304,.210,19,1
munoy001,10.473342583524351,-11.769732756457886,60,.654,.250,.404,.211,7,3
grisv001,27.458356398971862,-27.724190794433987,156,.793,.353,.440,.291,18,5
marrd001,0.255877034358047,-1.1592493513511077,6,.000,.000,.000,.000,0,0
batyb001,7.066203547897996,-8.830218855744338,42,.586,.244,.342,.184,5,2
toglm001,23.374232232376887,-24.685348779913678,120,.653,.275,.378,.216,12,2
boucs001,21.909316791038155,-16.742587419195903,97,.954,.454,.500,.297,11,3
bledj001,31.87863989967248,-45.90895480776462,238,.586,.277,.309,.167,16,5
leblc001,26.877599871248115,-25.717335744142407,169,.724,.320,.404,.263,11,4
diazl001,19.385219713391983,-31.7444991396943,174,.512,.224,.288,.169,11,5
encaj002,14.422237450068057,-18.657109062978574,81,.548,.210,.338,.182,14,3
burdp001,15.11507845553881,-18.320547209402765,102,.664,.284,.380,.207,11,4
willl001,22.533780667646298,-32.47701770383116,136,.602,.287,.315,.236,6,1
guthd001,6.259410736141352,-3.076186668214342,28,.976,.500,.476,.333,5,1
calla002,21.50615961791684,-22.54239440939914,131,.748,.336,.412,.237,13,5
menej001,48.61374902547991,-48.61908392765044,240,.930,.367,.563,.324,34,13
palaj001,5.150356754399063,-11.23199104496619,49,.500,.245,.255,.213,2,0
alvaf001,1.916963179719545,-4.553426713276158,14,.786,.286,.500,.167,1,1
vienm001,4.237097222268704,-8.593261757622512,41,.546,.268,.278,.167,3,1
mcker001,26.374248524283296,-31.770506253233048,172,.634,.294,.340,.237,11,2
gonzm002,31.824787506078312,-49.46019250887507,207,.576,.255,.321,.185,18,6
locat001,10.608143913060687,-9.211077501255739,46,.588,.239,.349,.186,4,2
nevit001,24.46814713956401,-34.96550366975053,184,.560,.299,.261,.197,16,2
davij008,4.1843785467566414,-5.101486016212008,27,.782,.407,.375,.333,2,0
olive001,30.704009875792195,-29.025507929598188,174,.743,.333,.410,.286,15,4
bannr001,1.0569723562611277,-2.942793677705356,15,.343,.200,.143,.143,0,0
parei001,65.75226958605175,-71.43896541170899,381,.739,.304,.435,.205,45,20
rutsa001,84.33914222554655,-74.77702346129595,470,.807,.362,.445,.254,42,13
gonzo001,66.85254926372362,-69.40792637229279,382,.788,.327,.461,.296,43,11
kwans001,117.45400086503992,-110.35512875304345,638,.773,.373,.400,.298,52,6
morec001,78.21352411106216,-83.78087287452459,425,.741,.308,.433,.235,47,16
frazc001,7.606879315480588,-9.298261290904156,45,.653,.356,.297,.216,1,0
higgp001,45.73033110092818,-43.985680666149456,229,.693,.310,.383,.229,30,6
pintr003,13.810748470093994,-20.501569745709578,83,.566,.241,.325,.213,10,2
martr006,6.69118098170699,-6.176322631076785,33,.542,.242,.300,.167,3,0
carpm002,41.88864705506616,-29.01373234569911,154,1.139,.412,.727,.305,37,15
ralel001,7.654376269319508,-12.941134290431542,72,.585,.306,.279,.197,4,1
lowej002,33.03451558548556,-34.93082001649867,198,.627,.284,.343,.221,13,2
vavrt001,17.747774604115236,-17.80719631303611,103,.677,.340,.337,.258,12,1
velan001,37.040112119917666,-41.887250182747074,206,.659,.286,.373,.205,26,6
refsr001,38.12481092289174,-33.33673687739815,177,.881,.384,.497,.307,21,6
stowk001,15.757169727522676,-19.15872160634338,98,.724,.306,.418,.253,11,3
duraj001,36.151213514245406,-45.629597671764586,223,.646,.283,.363,.221,17,3
jimee001,72.61276994068757,-57.18552219750405,327,.858,.358,.500,.295,54,16
gonzr003,19.53984879360124,-22.619720725770488,109,.609,.257,.352,.238,11,2
engea001,42.59864496206307,-52.97001482204901,260,.579,.269,.310,.224,17,2
stevc001,6.116632880853638,-15.05197833581193,71,.478,.261,.217,.167,1,0
hendg002,26.72985566956546,-21.88510271821054,132,.788,.348,.440,.259,18,4
thomc003,3.437744425394468,-4.908068965453937,32,.580,.313,.267,.267,0,0
casat001,20.48678297499172,-16.928720583245426,95,.766,.358,.408,.197,12,5
wongc001,11.407791846296641,-10.03629742328423,56,.586,.273,.313,.188,7,1
almoa001,7.0800578767843545,-8.351414907109348,37,.697,.297,.400,.257,2,1
moreg001,11.09937770593717,-12.065974661636634,73,.733,.356,.377,.319,7,1
lopeo001,3.302985762585278,-1.0693124244233212,10,1.367,.700,.667,.667,3,0
sanom001,5.8737320787369365,-14.620595444551176,71,.344,.211,.133,.083,3,1
garlk001,27.829733522556108,-32.58712437537337,162,.717,.284,.433,.233,18,9
shawt001,0,-5.556805861427502,19,.000,.000,.000,.000,0,0
collz001,14.322344328786494,-22.189673327969192,108,.551,.231,.320,.155,11,4
katog001,0.9292541978490322,-1.892413199467243,11,.686,.400,.286,.143,0,0
grany001,53.43774750641468,-76.37924863994797,376,.570,.301,.269,.202,27,5
burgj001,36.53865794711443,-41.514780029273325,183,.760,.302,.458,.250,26,8
mendd002,20.646746468072926,-20.662261383743747,106,.786,.343,.443,.289,15,3
souzs001,1.6971961967080742,-7.38553219886362,19,.316,.158,.158,.158,1,0
lopea005,26.89279597185127,-28.690220311846982,156,.645,.314,.331,.262,10,1
badeh001,55.540037790673864,-62.67159208433677,313,.650,.294,.356,.250,30,5
herri001,1.6844570293300993,-5.059877022166996,22,.301,.190,.111,.111,1,0
downj001,4.6965204180642655,-8.379033907567287,41,.427,.171,.256,.154,4,1
sancc001,3.1830509764481425,-9.44307074605358,44,.322,.214,.108,.108,2,0
jonen002,19.98991376670275,-18.319662542829768,94,.681,.309,.372,.244,13,2
sevep001,3.0357486580821815,-3.9152239288784454,21,.666,.333,.333,.222,1,0
andum001,21.09011063065888,-26.143553366976324,140,.568,.257,.311,.235,17,1
pasqv001,56.99234973973093,-51.38805321299716,298,.833,.383,.450,.295,26,10
massm001,32.63388684178172,-36.020254590396874,194,.683,.307,.376,.243,17,4
eaton001,25.747266026635316,-20.7146830560365,122,.718,.331,.387,.264,12,1
wated001,24.588115747972058,-19.565345848192962,109,.803,.324,.479,.240,18,5
rives002,2.537903927539708,-6.446797511555759,29,.368,.214,.154,.154,1,0
aranj001,13.735580897292383,-15.928401247111749,87,.597,.276,.321,.192,6,2
kelej001,23.80304324854473,-36.68492135978383,181,.534,.221,.313,.141,17,7
murpt002,7.665138626399506,-6.116155268124922,42,.894,.439,.455,.303,1,1
mondr003,5.421931182999536,-15.972692564781996,54,.344,.204,.140,.140,3,0
simma001,9.798854056857953,-22.527771192825746,85,.431,.244,.187,.173,7,0
walks001,1.3437329930199087,-2.2296810184101723,16,.474,.188,.286,.071,1,1
reksz001,5.522599973487914,-7.413157547305738,34,.559,.265,.294,.265,3,0
hasea001,3.9246067148527293,-3.090677795819216,25,.571,.333,.238,.238,2,0
pratn001,28.554267247287992,-33.93686948595453,182,.657,.271,.386,.184,20,7
garcm003,3.6700985078184374,-5.935847965104387,23,.712,.348,.364,.318,2,0
perec005,2.9467940453285277,-4.768705395108247,18,.555,.222,.333,.222,2,0
rookb001,2.8969071660970287,-8.739072987838123,36,.378,.222,.156,.125,2,0
palaj002,7.4620472947695315,-14.841856124771992,77,.413,.184,.229,.143,6,2
paytm001,3.2278829766638624,-4.26303675197695,25,.423,.280,.143,.143,1,0
hamic001,2.7264373091877507,-3.5599510131936287,23,.449,.227,.222,.056,1,1
treja001,26.280964570065414,-32.000524262770625,125,.736,.312,.424,.271,17,4
freet001,12.385014695011371,-16.261115270319337,86,.600,.314,.286,.247,3,0
brenw002,13.474807118678545,-7.055979021388149,45,.900,.400,.500,.357,8,1
wallm001,12.570935459337901,-12.190648801171545,65,.709,.323,.386,.228,10,2
contm001,7.068894771287208,-16.155579976802493,61,.441,.148,.293,.121,6,3
hamib001,8.27573865199711,-6.1367682111178885,23,.186,.136,.050,.050,0,0
tsuty001,25.293537239785973,-45.87633905124008,193,.478,.249,.229,.171,19,2
tuckc001,4.475669393791253,-15.332580141728007,63,.397,.175,.222,.175,2,0
perer003,13.115780143553199,-12.503608942528997,69,.700,.333,.367,.233,8,2
parkh001,9.189562912188794,-9.869439205895622,60,.649,.276,.373,.216,6,2
alfoa002,0.08726190476190476,-0.5598819420964354,4,.500,.250,.250,.250,0,0
marij002,14.97684840021237,-17.761923620828437,82,.662,.272,.390,.234,6,2
knapa001,5.429945135015883,-8.875291515039464,46,.393,.239,.154,.128,4,0
solad001,51.49745977589611,-59.54399976118016,304,.724,.339,.385,.284,24,4
schrm001,2.2537392207164175,-6.546514027943122,27,.339,.185,.154,.154,1,0
boted002,22.69456000822364,-26.138327376519275,127,.746,.315,.431,.259,12,4
papim001,10.70302908388817,-21.057360972159913,103,.415,.228,.187,.143,4,1
croon001,1.1630464480874316,-2.272824866973667,9,.597,.222,.375,.250,2,0
davij007,13.772938995254743,-21.237167801109727,91,.581,.344,.237,.224,4,0
stees001,14.860103870872033,-23.35997335059802,108,.632,.306,.326,.211,8,2
fairs001,17.08445145479138,-22.13277898635612,110,.800,.336,.464,.247,6,5
garcj007,21.59051870269251,-42.423301384302235,174,.401,.195,.206,.152,10,2
robic003,5.53705489428584,-16.39749975665091,60,.407,.136,.271,.136,5,2
brinl001,6.5072151822690465,-7.621081149287047,39,.683,.211,.472,.167,4,3
deana001,1.1440428588343705,-0.8989904282819814,9,.819,.444,.375,.375,0,0
younj003,2.5392744392710043,-4.707235991238989,22,.732,.364,.368,.263,0,0
quire001,10.374394058262228,-7.35557841152419,47,.645,.370,.275,.275,3,0
sianm001,1.290081895594982,-7.788839284195197,24,.334,.167,.167,.167,0,0
riddj001,1.277855477855478,-0.7620518304824508,4,.500,.250,.250,.250,0,0
kolom001,3.478733588777265,-5.887065096870369,21,.688,.238,.450,.200,3,1
lavab001,1.3509932070941228,-3.0690443744955855,15,.350,.267,.083,.083,0,0
ariag002,9.405442025057436,-9.052573750587127,57,.640,.321,.319,.191,5,1
hilld002,8.943746884214557,-16.728485249362983,92,.559,.270,.289,.229,3,1
camed001,13.294934187753924,-11.243625390923663,70,.630,.286,.344,.219,8,1
bensw001,5.790411992465943,-10.913399263040072,61,.450,.250,.200,.182,3,0
mastm001,3.287168251332822,-2.468682675788889,17,.423,.235,.188,.188,0,0
naylb001,0,-1.5176656356192126,8,.000,.000,.000,.000,0,0
outmj002,4.411784467387361,-2.4552885866387495,16,1.409,.563,.846,.462,3,1
bernw001,7.660499596433063,-12.456168824142223,42,.596,.286,.310,.286,3,0
tovae001,3.557577211793902,-8.96953732331056,35,.590,.257,.333,.212,2,1
meada001,22.011221956981732,-25.448851809750934,147,.675,.347,.328,.250,11,0
garnd001,2.1697707783368267,-1.7779273321028544,11,.764,.364,.400,.300,1,0
battm001,2.107293753392669,-5.033603192273154,22,.385,.227,.158,.105,1,0
shorz001,2.025336092330465,-2.549922995453978,13,.154,.154,.000,.000,2,0
davib006,1.1603380384325492,-1.5028232224529654,11,.473,.273,.200,.200,0,0
lewik001,7.828783023745168,-11.463082102781513,62,.530,.226,.304,.143,5,3
larsj001,0,-0.12419006479481641,1,.000,.000,.000,.000,0,0
jonet005,0,-0.12419006479481641,1,.000,.000,.000,.000,0,0
woltt001,0,-1.0516518715770509,4,.000,.000,.000,.000,0,0
rosae002,1.1786925925277238,-1.1139247445189375,6,.533,.333,.200,.200,0,0
andet002,0,-0.2172043010752688,1,.000,.000,.000,.000,0,0
reyep001,1.6189479273042526,-3.025691240181643,16,.580,.313,.267,.267,0,0
johnb005,1.9495629462203565,-4.576065720878878,19,.269,.158,.111,.111,2,0
burla001,7.197775819625072,-11.071972056708397,53,.535,.264,.271,.188,3,1
delub001,1.9464451905026183,-4.064920728942163,25,.492,.292,.200,.150,0,0
muzzs001,0.6302927311235615,-2.3704029720272826,9,.393,.250,.143,.143,0,0
dunaj001,2.6428112807536137,-2.5973450966611584,11,1.064,.364,.700,.300,1,1
tromc001,3.0027293616732518,-0.2610619469026549,4,2.000,.750,1.250,.750,3,0
goret001,3.441507223971068,-1.7354968022571453,8,.286,.143,.143,.143,0,0
grosj001,7.191171137378283,-11.064541760020537,65,.619,.308,.311,.262,2,1
jacka002,0.7245764833825792,-2.2974458495241477,12,.500,.250,.250,.250,0,0
dawsr001,0,-0.4565508021390374,3,.000,.000,.000,.000,0,0
felim002,0.3185331448962584,-0.5719355882362824,5,.650,.400,.250,.250,0,0
perao002,9.447957332934495,-11.955822010699734,57,.833,.404,.429,.306,2,1
lewir003,9.217039352830811,-6.877603039536224,41,.867,.317,.550,.300,5,2
mckib001,3.351691009661709,-10.81170105182426,57,.331,.158,.173,.096,4,1
hickb003,0,-0.6280834029316479,4,.000,.000,.000,.000,0,0
flore001,4.409606459743737,-8.167328347486128,35,.297,.200,.097,.097,1,0
caprv001,0.76729290137039,-2.0595378831288222,7,.629,.429,.200,.200,0,0
branr002,0.12532841410922912,-0.4219949167632552,3,1.000,.333,.667,.333,0,0
guzmr001,0,-2.7486358998421268,6,.000,.000,.000,.000,0,0
incie001,0.08131345467849631,-2.0482999440060246,8,.250,.125,.125,.125,0,0
blant002,0,-0.5635455266536955,3,.000,.000,.000,.000,0,0
pinei001,0.4345877057140421,-4.055264246755392,14,.220,.143,.077,.077,0,0
lopec001,0.1082479726845924,-3.2826869068769278,10,.100,.100,.000,.000,0,0
mcdom002,0.9485427233503348,-0.631935116603344,6,.333,.333,.000,.000,0,0
calhw001,7.6264193371268165,-14.177867099245619,62,.524,.274,.250,.135,3,1
allea001,0.7915454290213815,-3.0805974773846896,16,.259,.188,.071,.071,0,0
mondn001,0.1082479726845924,-0.4475737615663886,3,.333,.333,.000,.000,0,0
ramoh002,2.3500342939729917,-4.541703016953364,22,.282,.182,.100,.100,0,0
sandd004,0.35327425103554577,-1.4839744916459585,4,.250,.250,.000,.000,0,0
pegul001,0.7156112426838799,-0.32755040788682854,4,.833,.500,.333,.333,0,0
robed002,0,-0.2234762979683973,1,.000,.000,.000,.000,0,0
bae-j001,8.581770756590275,-5.040749056496083,37,.829,.405,.424,.333,6,0
sanmr001,0,-0.40973795793299383,2,.000,.000,.000,.000,0,0
wilsm003,0.5707495950490138,-0.8372752238089447,6,.533,.333,.200,.200,0,0
dixob001,1.4453652980419809,-3.7035675969147963,14,.500,.214,.286,.214,1,0
okeeb001,0.34601298274860454,-0.5021948980715079,4,.833,.500,.333,.333,0,0
krizj001,0.5417550776445236,-2.7086711253589106,10,.425,.300,.125,.125,0,0
tom-k001,0,-0.4216835637480799,1,.000,.000,.000,.000,0,0
machd001,1.5028473509576226,-4.9392329323794435,17,.494,.294,.200,.200,0,0
robek003,0.012036474164133892,0,1,.000,.000,.000,.000,1,0
smitc008,0.9648460388664981,-0.9365993109582855,7,.829,.429,.400,.200,0,0
stewd002,0,-0.7000399810006095,3,.000,.000,.000,.000,0,0
diazy003,0,-0.35243380207943753,1,.000,.000,.000,.000,0,0
jackd004,0,-0.739051178877853,3,.000,.000,.000,.000,0,0
mottt001,0.24555903866248707,-1.6769350890904355,6,.334,.167,.167,.167,0,0
fermf002,0,-1.786839685156556,7,.000,.000,.000,.000,0,0
alvaj004,0,-0.311137378513265,1,.000,.000,.000,.000,0,0
